{"cameraMode":{"drawMode":0,"name":"Shaded","section":"Shading Mode"},"sceneLighting":true,"audioPlay":false,"sceneViewState":{"showFog":true,"showMaterialUpdate":false,"showSkybox":true,"showFlares":true,"showImageEffects":true,"showParticleSystems":true},"in2DMode":false,"pivot":{"x":3.819398880004883,"y":-3.629434585571289,"z":-3.890775680541992},"rotation":{"x":-0.2742292582988739,"y":-0.13874024152755738,"z":0.04001711681485176,"w":-0.9507619142532349},"size":46.88959503173828,"orthographic":false}